player_name,player_id
Kikis,1
Broxah,2
Nisqy,3
MrRallez,4
Klaj,5
Phones,6
Obvious,7
MagiFelix,8
Sedrion,9
Noxiak,10
FearlessS,11
ReAt1vo,12
Aziado,13
Alternative,14
Slayer,15
Arin,16
Pride,17
Larssen,18
SMILEY,19
Hadow,20
Unknown,21
t4nky,22
Matislaw,23
Puki Style,24
Mystiques,25
Ruin,26
Memento,27
SuNo,28
Achuu,29
Kaasbaas,30
beansu,31
Taikki,32
Jiizuke,33
Gari,34
Mocha,35
Atom,36
SezzeR,37
Godbro,38
Reje,39
Fittle,40
Fraid,41
Nerroh,42
Eika,43
Crownshot,44
Moopz,45
Yoppa,46
Econatorz,47
Lvsyan,48
Sanchez,49
Rafa,50
Kektz,51
Phrenic,52
Jenax,53
HeaQ,54
Arphan,55
iBo,56
Tabasko,57
Sebekx,58
Woolite,59
deIord,60
Luddehz,61
Helper,62
OldB,63
cepted,64
DeuL,65
Ella,66
Soul,67
Winged,68
Candy,69
Veritas,70
Pure,71
Cube,72
Hoglet,73
DO IT,74
DAN,75
Nova,76
Ami,77
Smile,78
Savvy,79
DooTi,80
Joker,81
SoaR,82
tbq,83
BaeMe,84
Gao,85
Xfq,86
Clowz,87
Ning,88
Viper,89
Bvoy,90
Killua,91
Lindarang,92
SeongHwan,93
Mickey,94
Sangyoon,95
Key,96
Smeb,97
Score,98
PawN,99
Deft,100
Mata,101
Zoom,102
GuYueXin,103
cyeol,104
Police,105
Xintai,106
Moyu,107
H4cker,108
Chunibyo,109
Ranger,110
KING,111
Memory,112
Jiekou,113
Viod,114
X41007,115
Luci,116
Spunk,117
Magic,118
ZBB,119
Snow,120
babo,121
Expession,122
Crash,123
Fly,124
PraY,125
GorillA,126
CuVee,127
Ambition,128
Crown,129
Ruler,130
CoreJJ,131
Haru,132
ChanE,133
ChanU,134
hy,135
y4,136
LvMao,137
sprout,138
xiaohan,139
Twila,140
RD,141
Ysera,142
ikssu,143
UmTi,144
Kuzan,145
Teddy,146
SnowFlower,147
Huni,148
Peanut,149
Faker,150
Bang,151
Wolf,152
Riris,153
unicorn,154
assassin,155
Wuxx,156
Ley,157
Langx,158
Avoidless,159
Dian,160
Fury,161
Yoon,162
Corn,163
ADD,164
Beyond,165
Ian,166
MaHa,167
Max,168
Crazy,169
Bless,170
Tempt,171
Ghost,172
Totoro,173
Lies,174
Karin,175
Ggoong,176
QiuQiu,177
Cat,178
Acorn,179
Chimin,180
bing,181
xQ,182
x1u,183
MaRin,184
Spirit,185
Kuro,186
Kramer,187
TusiN,188
Fishball,189
Natz,190
AmazingJ,191
Ben4,192
Athena,193
Jinjiao,194
Road,195
Letme,196
Mlxg,197
Xiaohu,198
Uzi,199
Ming,200
Shy,201
Roach,202
Punch,203
Edge,204
SS,205
GuGer,206
Sky,207
Duke,208
Kid,209
Rookie,210
Marge,211
Baolan,212
Xiyang,213
Juejue,214
icon,215
Smlz,216
cold,217
Satorius,218
Wisdom,219
Naehyun,220
Tabzz,221
H1IVA,222
Odoamne,223
Jankos,224
FEBIVEN,225
Nuclear,226
Chei,227
Expect,228
Trick,229
Perkz,230
Zven,231
Mithy,232
sOAZ,233
Amazing,234
Caps,235
Rekkles,236
Jesiz,237
Dennis,238
hashiqi,239
Alphamong,240
Once,241
Cheong,242
Tak,243
Lehends,244
Save,245
Dorosi,246
Dove,247
Hollow,248
Plankton,249
957,250
Condi,251
xiye,252
Mystic,253
Zero,254
V,255
Swift,256
Cool,257
Lwx,258
Crisp,259
Beware,260
Catch,261
Crow,262
OdduGi,263
HighDin,264
Sword,265
ReGank,266
Rather,267
Force,268
Shield,269
Evi,270
Tussle,271
Ramune,272
Yutorimoyashi,273
Dara,274
Yutapon,275
Paz,276
Ceros,277
Zerost,278
viviD,279
Mouse,280
Fireloli,281
Scout,282
Zet,283
Meiko,284
mogu,285
Bengi,286
Easyhoon,287
PiPiXuan,288
Hetong,289
Alphari,290
KaKAO,291
PowerOfEvil,292
Hans sama,293
IgNar,294
Flaxxish,295
NighT,296
HustlinbeasT,297
Cabochard,298
Djoko,299
Nukeduck,300
Steeelback,301
Hachani,302
Vizicsacsi,303
Xerxe,304
Exile,305
Samux,306
Hylissang,307
Hauntzer,308
Svenskeren,309
Bjergsen,310
WildTurtle,311
Biofrost,312
Impact,313
Contractz,314
Jensen,315
Sneaky,316
Smoothie,317
Looper,318
Akaadian,319
Froggen,320
Keith,321
Gate,322
zig,323
Inori,324
Ryu,325
Arrow,326
Adrian,327
Chippys,328
Sybol,329
Phantiks,330
K1ng,331
Destiny,332
Swip3rR,333
Spookz,334
Swiffer,335
Raes,336
EGym,337
Funny,338
Eimy,339
GodV,340
imp,341
Pyl,342
FiveToEight,343
Guts,344
Siuman,345
Crayzee,346
tgun,347
Praedyth,348
ShorterACE,349
ChuChuZ,350
Cake,351
Rosey,352
Arfoad,353
Mei,354
Search,355
Day1,356
Kazu,357
atyamomo,358
iSeNN,359
Alleycat,360
NoA,361
Yuki,362
Flandre,363
SofM,364
Tank,365
Mint,366
Mo,367
Zz1tai,368
Ohq,369
fabFabulous,370
Stomaged,371
Naru,372
Zeitnot,373
Dumbledoge,374
Bwipo,375
Move,376
Immortoru,377
HolyPhoenix,378
Rogu,379
baybay,380
SatoRy,381
Rokenia,382
Shinmori,383
NaeMisa,384
ThintoN,385
apaMEN,386
Neo,387
REMIND,388
Haretti,389
Enty,390
Broken Blade,391
Kanani,392
Abbedagge,393
KissNkite,394
Madagger,395
Elwind,396
Mojito,397
React,398
Madness,399
Wendelbo,400
Phaxi,401
Maxlore,402
Betsy,403
Hjarnan,404
WADID,405
Yang,406
Revolta,407
takeshi,408
esA,409
Zirigui,410
Mylon,411
Sirt,412
Kami,413
Matsukaze,414
Loop,415
Brolia,416
k0u,417
SozPurefect,418
Mean,419
Revanche,420
Thaldrin,421
Reach,422
Frozen,423
Elysion,424
un1tback,425
Wunder,426
Kold,427
Sencux,428
Kobbe,429
Mikyx,430
Ayel,431
Turtle,432
Envy,433
micaO,434
Jockster,435
Lep,436
Minerva,437
tinowns,438
pbO,439
Wos,440
ZionSpartan,441
Xmithie,442
huhi,443
Stixxay,444
aphromoo,445
Lourlo,446
Reignover,447
Goldenglue,448
Piglet,449
Matt,450
Seraph,451
Ninja,452
Alex Ich,453
Apollo,454
Hakuho,455
BalIs,456
Moon,457
Hai,458
Altec,459
LemonNation,460
Ssumday,461
Chaser,462
Keane,463
Benji,464
Xpecial,465
Flame,466
Dardoch,467
Pobelter,468
Cody Sun,469
Olleh,470
Pacman,471
Seb,472
Frae,473
Raid,474
Cuden,475
Flaresz,476
Juves,477
Wzrd,478
FBI,479
Rogue,480
Kabe,481
Clid,482
Doinb,483
CandySeven,484
Cloud,485
GimGoon,486
WuShuang,487
Grail,488
xubin,489
Savoki,490
Alone,491
Ali,492
Tally,493
Carbon,494
Claire,495
Lost,496
Cupcake,497
Ceres,498
Chelby,499
Triple,500
Blinky,501
Jayke,502
Loong,503
Endless,504
Mor,505
Happy,506
Panky,507
Trix,508
Xico,509
Emtest,510
Cognac,511
xani,512
LEYL-Ü  NEHAR,513
Ruvelius,514
Zergsting,515
Korol,516
Blank,517
Rare,518
Aoshi,519
dyNquedo,520
Luskka,521
BocaJR,522
Zantins,523
Danagorn,524
Vash,525
TheFoxz,526
Riyev,527
Thulz,528
4LaN,529
Evrot,530
Sarkis,531
Cabu,532
Robo,533
Nappon,534
tockers,535
brTT,536
Dioud,537
Ray,538
Ruby,539
Saymi,540
SkyBart,541
Zuao,542
Goku,543
danz0r,544
Professor,545
fNb,546
Nekro,547
Gregio,548
unknown player,549
Stitch,550
Nyu,551
Ferchu,552
Krastyel,553
DudsTheBoy,554
Ceos,555
Bgob,556
xanad0,557
Klaus,558
K0ga,559
VVvert,560
Shini,561
Marf,562
Absolut,563
RedBert,564
BroTher,565
Caos,566
Chavoso,567
Eryon,568
Alocs,569
Quas,570
Zentinel,571
Hatrixx,572
Freeze,573
Sheep,574
Licorice,575
Gilius,576
Fox,577
Deftly,578
Zeyzal,579
Brandini,580
Grig,581
Damonte,582
Shynon,583
Big,584
Allorim,585
Oddorange,586
Strompest,587
Vex,588
Vincent,589
RF Legendary,590
Wiggily,591
Pekin Woof,592
fabbbyyy,593
Baiano,594
Solo,595
Santorin,596
Fenix,597
Rikara,598
Whyin,599
Savage,600
Wyvern,601
FIRees,602
Diamondprox,603
Zoir,604
Niksar,605
Xavieles,606
Zvene,607
Gumbeq,608
niQ,609
Onesh0tiq,610
Skash,611
Smurf,612
PvPStejos,613
Kira,614
VincentVega,615
Likkrit,616
BOSS,617
SaDJesteRRR,618
Marker,619
Pooh,620
Jestkui Max,621
NoNholy,622
Zanzarah,623
Drobovik123,624
LeX,625
Edward,626
Charger,627
BlackArrow,628
DiscotEkka,629
Ritix,630
Raxxo,631
Lira,632
Doxy,633
Kreox,634
Paranoia,635
Blasting,636
SaNTaS,637
Dark Solece,638
DoubleAiM,639
Lukezy,640
Unho1y,641
Dimonko,642
Tay,643
avenuee,644
Theusma,645
Remus,646
BloodFenix,647
Lasagna,648
Piter Pokir,649
Tauren,650
MadLife,651
MasH,652
Mowgli,653
Frogadog,654
Chazz,655
Panda,656
LeeSA,657
Nana,658
Eyla,659
Milky,660
Raven,661
Swathe,662
Shok,663
Squidgy,664
Decoy,665
Babip,666
Haeri,667
Kalroc,668
Plug,669
Artaphernes,670
Dandayn,671
Bdoink,672
Skamdiggidy,673
Rhysand,674
Raining,675
Vans,676
Shrimp,677
Smoke,678
DayDream,679
Padden,680
Japone,681
Terette,682
Hioss,683
Punisher,684
Glup,685
Shernfire,686
Jaeger,687
loulex,688
Selfie,689
Upset,690
Vander,691
Steve,692
Kirei,693
Blanc,694
Pilot,695
promisq,696
Jisu,697
Kadir,698
CozQ,699
Yuuki60,700
Dreams,701
Mimic,702
Steal,703
Pretty,704
P1noy,705
Tore,706
Deemo,707
knight,708
Wraith,709
Cpt Coldstar,710
Anechek,711
arnax,712
Optimas,713
Dizzy,714
Nike3,715
AHaHaCiK,716
Fomko,717
Lodik,718
Saviour,719
Asura,720
Zhuangzhou,721
Crisis,722
SoHwan,723
Ques,724
Pyrex,725
Maxim,726
Kinzu,727
Antariys,728
Cekutka,729
Jejky,730
inSec,731
Pabu,732
Harri,733
Low,734
Bluz0r,735
Ark,736
Fade,737
Kedu,738
Malrang,739
Bin,740
MapleSnow,741
Gemini,742
Gear,743
GodKwai,744
Nestea,745
Morning,746
Achie,747
FoFo,748
BeBe,749
Jay,750
Flick,751
Wilson,752
Zytah,753
belong1,754
Dragon,755
ChrisMisTrees,756
SoulStrikes,757
Denian,758
2188,759
Wind,760
M1ssion,761
Unified,762
SkuLL,763
3z,764
Taizan,765
Apex,766
Dee,767
Dreamer,768
GBM,769
World6,770
LOFS,771
K,772
SIUSIU,773
Breeze,774
Chunx,775
Ziv,776
Mountain,777
Chawy,778
An,779
Albis,780
Wulala,781
Vexu,782
1ntruder,783
Wickd,784
Wiz,785
Coco,786
BBanG,787
Nexus,788
Kawa,789
Chingz,790
Wako,791
Zest,792
fortunate,793
MMD,794
Karsa,795
Maple,796
Betty,797
SwordArt,798
Ben,799
Dan,800
Stunt,801
Zhanzhao,802
May,803
DREAMPYLLA,804
TsarCanya,805
Phlaty,806
Gadget,807
Lekcyc,808
Thorondor S,809
Marex,810
Saulius,811
Farfetch,812
Sigma,813
Shoshin,814
Luger,815
Only35,816
Splendor,817
LeChase,818
Umut,819
Unex,820
Rhuckz,821
Truklax,822
Crystal,823
LongB,824
Vardags,825
kazze,826
TynX,827
Rydle,828
Appen,829
RafaelVQ,830
Kairos,831
Alun,832
NonVerbal,833
ZhouFang,834
Cris,835
Sprenstama,836
Wilaris,837
GAP,838
Racoon,839
RLun,840
Jcain,841
yungcat,842
Zzr,843
AoD,844
Meteos,845
Fesh,846
Grisha,847
Broler,848
Air,849
ping,850
LokeN,851
KuKu,852
Adaniel,853
Midbeast,854
Zhergoth,855
Rakin,856
Skeden,857
Burak,858
Touch,859
Gahlin,860
Lastwolf,861
BBM,862
irma,863
WhiteKnight,864
Libra,865
JS,866
mypleasure,867
Aligan,868
Astarte,869
SimSin,870
FireRain,871
wangchen,872
Greenie,873
Praelus,874
Tilting,875
Aladoric,876
Breaker,877
West,878
Youngbin,879
Ryoma,880
Rins,881
MarS,882
xPeke,883
Archie2b,884
Only,885
Profit,886
Decagon Moon,887
Secret,888
TitaN,889
Malygos,890
Finn,891
Paris,892
DoubleG,893
Plasma,894
Matilda,895
Closer,896
masterwork,897
Pbd,898
Neos,899
Ori,900
XiaoWeiXiao,901
Mightybear,902
Jelly,903
kRYST4L,904
Doublelift,905
Rascal,906
Peng,907
Yampi,908
Tarzan,909
Nuguri,910
Crimson,911
Flawless,912
Starlight,913
Lethilion,914
Xiaopeng,915
Czaru,916
Tarky,917
Lipanek,918
Se7en,919
bingo,920
Jinoo,921
Cinkrof,922
Yuzuki,923
Skye,924
OzoraVeki,925
Epic,926
papillon,927
Duan,928
Raise,929
Estelim,930
REFRA1N,931
Clearlove,932
Cyk,933
Y1han,934
Gariaru,935
Joey,936
Shady,937
YoDa,938
MayZ,939
Astarore,940
Hollis,941
Akasi,942
Legato,943
hachamecha,944
Alps,945
Mai,946
Windy,947
LoveZrr,948
Wai,949
Chenyboy,950
Chen,951
PentaQ,952
Part,953
Rainbow,954
Route,955
KZ,956
Sessh,957
Aslan,958
Mills,959
Maynah,960
Name,961
Anyyy,962
CarioK,963
Davi,964
Blury,965
Kkyul,966
qi,967
Deceit,968
BoBo,969
Humble,970
Westdoor,971
Sacy,972
Rio,973
Rawbin IV,974
Endz,975
Polyokov,976
Inition,977
Kaze,978
Tolerant,979
PK,980
Laba,981
Wuji,982
Lilv,983
Koala,984
Mist,985
Jjun,986
Joy,987
Holo,988
Coool,989
Jirall,990
Oddie,991
Seiya,992
WhiteLotus,993
Genthix,994
Stark,995
Levi,996
Optimus,997
Slay,998
Archie,999
QQMore,1000
Emp,1001
Kindless,1002
Newbie,1003
Newt,1004
TaNa,1005
Drizzle,1006
Almighty,1007
Moment,1008
Poss,1009
Parang,1010
Crush,1011
Try,1012
BeryL,1013
Hoit,1014
KronG,1015
Rifty,1016
Kruimel,1017
Murmel,1018
Akutsune,1019
Kitty,1020
QUICKTIMER,1021
Thal,1022
Moojin,1023
kaSing,1024
Special,1025
Patrik,1026
Dan Dan,1027
Scarlet,1028
DarkSide,1029
Skarsfjord,1030
DareDevil,1031
Visdom,1032
Nandisko,1033
Carbono,1034
Homi,1035
Airwaks,1036
Jwaow,1037
Ippon,1038
Milica,1039
HosaN,1040
Jactroll,1041
Khan,1042
Cuzz,1043
Bdd,1044
Foy,1045
reM,1046
Neulbo,1047
Hipo,1048
Send0o,1049
Broooock,1050
Alex,1051
Lavie,1052
Amades,1053
KonDziSan,1054
Lamabear,1055
Shook,1056
Nagne,1057
b4dd,1058
Pirean,1059
Dasher,1060
Luna,1061
Carb,1062
Krvavy,1063
Kaiwing,1064
Brucer,1065
Slooshi,1066
Freire,1067
Atlanta,1068
Haro,1069
Med,1070
BBD,1071
ward,1072
luguo,1073
Martin,1074
Tian,1075
AK,1076
Rain,1077
PluTo,1078
Xinian,1079
Garo,1080
Dusk,1081
catjug,1082
Ink,1083
XiaoYao,1084
Yagao,1085
Mushroom,1086
Hxin,1087
Sundae,1088
Kumamon,1089
Crank,1090
cerasus,1091
Quiet,1092
SR99,1093
FallenBandit,1094
OmarGod,1095
Linsanity,1096
Auto,1097
Fill,1098
DanDy,1099
Dyrus,1100
scarra,1101
Voyboy,1102
Imaqtpie,1103
Shiphtur,1104
Reven,1105
Tuesday,1106
Tangwa,1107
Hunt3r,1108
Despa1r,1109
Xiaoali,1110
Aodi,1111
Looch,1112
Kpop,1113
MoonBlack,1114
MadWolf,1115
Untara,1116
Juzo,1117
Dhokla,1118
Ryan,1119
Changhong,1120
Remedy,1121
QZH,1122
Rough,1123
XinMo,1124
clx,1125
Fenfen,1126
raizin,1127
Yaelay,1128
TheShy,1129
MikeYeung,1130
Alive,1131
Caedrel,1132
Nardeus,1133
Neon,1134
Iluzjonist,1135
Attila,1136
Kakan,1137
Armut,1138
Deadly,1139
Phurion,1140
Backlund,1141
Habuubu,1142
Jinsh,1143
Sketch,1144
Korpse,1145
Daniquest,1146
1874,1147
Tekker,1148
Gunkrab,1149
Biwac,1150
Papryze,1151
Cboi,1152
Grisen,1153
Brom,1154
Ripi,1155
Kwon,1156
Kailai,1157
Xiaobai,1158
Lava,1159
Souli,1160
Xuan,1161
Reelople,1162
Vasilii,1163
Draqon,1164
Taka,1165
Marshall,1166
Kiin,1167
Joo,1168
Coma,1169
Tianci,1170
Danchung,1171
Hui,1172
Amitle,1173
M1anhua,1174
Nanzhu,1175
SevenArmy,1176
CooN,1177
styllEE,1178
Pepiinero,1179
Im Jonny,1180
Enzz,1181
Wisdomz,1182
Fage,1183
Deus,1184
BushyBooBoo,1185
rare7,1186
Ran,1187
Mayhem,1188
Nomanz,1189
Guoguo,1190
Hudie,1191
Viking,1192
Night,1193
Avenger0,1194
Rest,1195
Curse,1196
shupian,1197
Sleepy,1198
iBoy,1199
Rika,1200
bans,1201
Tailuo,1202
Recall,1203
Lz,1204
Babi9,1205
Banks,1206
Gone,1207
Cogcog,1208
E hi,1209
Keymaker,1210
Reiya,1211
Mia,1212
Bugi,1213
Roki,1214
nororin,1215
HanXuan,1216
Gengar,1217
pasa,1218
Eason,1219
Liang,1220
Benny,1221
Uniboy,1222
Rock,1223
Tuna,1224
bonO,1225
Ren,1226
Venus,1227
Naul,1228
Bigkoro,1229
Palette,1230
MANTARRAYA,1231
Tierwulf,1232
Plugo,1233
Fix,1234
Slow,1235
Ty,1236
Noway,1237
Nevan,1238
Sya,1239
Kingen,1240
Speed,1241
Medic,1242
Dread,1243
Gori,1244
WooPy,1245
Bear,1246
BroCColi,1247
Prince,1248
Kuri,1249
Chovy,1250
Seng min,1251
Yaharong,1252
ShowMaker,1253
Hoon,1254
As,1255
Light,1256
Tear,1257
Keria,1258
Choyul,1259
Summit,1260
Effort,1261
Mephi,1262
Leash,1263
lupset,1264
Vsta,1265
Zenit,1266
Jihoon,1267
Nugget,1268
JackeyLove,1269
Able,1270
New,1271
Yuuki,1272
HiRit,1273
Mizz,1274
LL,1275
Sorn,1276
Pake,1277
Minas,1278
Shaoran,1279
YiJin,1280
Warzone,1281
Ronop,1282
XuHao,1283
Tado,1284
Knight,1285
Victory,1286
Slayder,1287
Akeno,1288
Justice,1289
yT,1290
Engo,1291
Erry,1292
JayJ,1293
Ablazeolive,1294
Palafox,1295
Andybendy,1296
V1per,1297
Hard,1298
Shoryu,1299
kaizen,1300
Kitzuo,1301
Jenkins,1302
Potluck,1303
bobqin,1304
Jurassiq,1305
Kumo,1306
PapaChau,1307
Maxtrobo,1308
Sun,1309
Cao,1310
Vulcan,1311
WooFe,1312
ALL IN,1313
HyBriD,1314
Calm,1315
Spot,1316
Blazes,1317
Zin,1318
CBL,1319
Boong,1320
Potm,1321
Artifact,1322
Clear,1323
Kit,1324
Melon,1325
Holder,1326
Hades,1327
Zeros,1328
Kriss,1329
Yado,1330
KingJ,1331
Heaven,1332
Secr3t,1333
Celebrity,1334
Sergh,1335
Targamas,1336
Boris,1337
Zica,1338
Xx,1339
Hana,1340
Kongyue,1341
j1mmy,1342
Zzus,1343
FATE,1344
AnDa,1345
Tiger,1346
Lactea,1347
Aiming,1348
Hanabi,1349
DalKa,1350
SunSieu,1351
Winter,1352
Empt2y,1353
Guilford,1354
Ksaez,1355
Pilter,1356
Maxi,1357
Berentt,1358
Drogo,1359
risdrengen,1360
Luana,1361
Gavan,1362
Gaaloul,1363
Absolute,1364
Sleeping,1365
Fdy,1366
Muscle,1367
Blossom,1368
Bie,1369
Sena,1370
BaRoiBeo,1371
Gaeng,1372
Gango,1373
Fanxy,1374
Meron,1375
Ace,1376
xPriskornet,1377
Aoi Haru,1378
Shiganari,1379
QTV,1380
Miracle,1381
WildHeart,1382
Powerofdream,1383
Coldfeeling,1384
Resu,1385
ItsCortez,1386
Pirozhok,1387
Finita,1388
boom gg,1389
Damage,1390
NOsFerus,1391
Duclou,1392
Mewkyo,1393
Pkr,1394
Woodboy,1395
Vahvel,1396
Kennedys,1397
Sora1,1398
Killuard,1399
Caipi,1400
HaNan,1401
ShiauC,1402
Swing,1403
Ozgur,1404
Ikaros,1405
Ucal,1406
Divider,1407
Stierlitz,1408
Ciel,1409
Petland,1410
JeffLee,1411
GENTLE,1412
Brave,1413
Qiutian,1414
Missing,1415
Chelizi,1416
Meteor,1417
Raphael,1418
Zzz2,1419
S1xu,1420
MaiX,1421
Wink,1422
G1ft,1423
XuanLv,1424
Puzzle,1425
XIAO,1426
Cryin,1427
Kane,1428
Alu,1429
Lynkotiko,1430
F,1431
Ayuny,1432
xgd,1433
yanxuan,1434
Daylight,1435
Try9,1436
Peace,1437
Biubiu,1438
Luofan,1439
Sora,1440
Teacherma,1441
yuyanjia,1442
Alielie,1443
Cori,1444
Teeen,1445
BadeMan,1446
Puff,1447
Southwind,1448
GuoKui,1449
Captain,1450
Pipi,1451
BlueWhale,1452
melody,1453
Ar,1454
Tides,1455
Kabosu,1456
Kimrain,1457
xiaoshi,1458
Xiaomin,1459
Even,1460
poge,1461
Yuen,1462
997,1463
Grim,1464
hardgirl,1465
Huanggai,1466
Swi1e,1467
Scardorz,1468
Lin,1469
Tts,1470
axiu,1471
Truth,1472
Xsq,1473
Yueguan,1474
Aix,1475
meifa,1476
wajueji,1477
Caocao,1478
Akaman,1479
kaka,1480
Solokill,1481
Mingzai,1482
kimi,1483
Cheng,1484
KeYi,1485
Urara,1486
polaris,1487
Weidi,1488
xlanpang,1489
LiLian,1490
Yui,1491
TT,1492
Hepcat,1493
ZWuJi,1494
XX,1495
Chenp,1496
Dreary,1497
shuijiao,1498
mrlonely,1499
DanDi,1500
Dou,1501
Satan,1502
FS,1503
RedSnow,1504
Daniel,1505
lanyemao,1506
Qiuchen,1507
l3est16,1508
GALA,1509
Rashomon,1510
Wings,1511
HuaYMiao,1512
ZIV,1513
jun,1514
Feng,1515
yang,1516
FengXian,1517
L1n,1518
Angel,1519
Hope,1520
Days4fun,1521
furyz,1522
Zen,1523
Rider,1524
Kalec,1525
EasyLove,1526
DNK,1527
PCL,1528
Guan Zong,1529
XiaT,1530
Aming,1531
HW4NG,1532
Prb,1533
CuteM,1534
Bandao,1535
Mantouz,1536
Chieftain,1537
Mole,1538
Elramir,1539
Penguin,1540
badboy,1541
Zcyan,1542
Linjie,1543
Chosen,1544
MGX,1545
chen9,1546
Maestro,1547
Fan,1548
Jiangqiao,1549
Smiths,1550
Chance,1551
300,1552
Rush,1553
Fiseyin,1554
Kuma,1555
MaxPower,1556
1998,1557
Chengzi,1558
Nap,1559
Wilder,1560
moli,1561
GodLou,1562
Yue,1563
Robocop,1564
Humanoid,1565
denyk,1566
Skeanz,1567
Comp,1568
Click,1569
Klaabu,1570
Efias,1571
bluerzor,1572
Jeskla,1573
ChosenOne,1574
Warden,1575
Sacre,1576
Stefan,1577
Nikola,1578
EdinPriqtel,1579
Kubon,1580
Bolszak,1581
bucu,1582
Celaver,1583
Dzondzy,1584
Mykilu,1585
xTyLk,1586
nash1c,1587
Skain,1588
WeiZoR,1589
Kronos,1590
Eternity,1591
KRP,1592
Nille,1593
Agurin,1594
Dragane,1595
Navio,1596
hammann,1597
Kerberos,1598
Munckizz,1599
Frappii,1600
Shogun,1601
JackPoT,1602
Butter,1603
Art,1604
Mitsuki,1605
kola,1606
beishang,1607
Butler,1608
Kiwi,1609
Glebo,1610
Siler,1611
JaVaaa,1612
Karakal Jr,1613
Tonerre,1614
Toaster,1615
Pulsas,1616
Shikari,1617
Afflict,1618
Chrisberg,1619
Prosfair,1620
Tolkin,1621
ZaZee,1622
Asza,1623
Anthrax,1624
Werlyb,1625
Selfmade,1626
Nemesis,1627
Falco,1628
Xioh,1629
Carzzy,1630
Bobo,1631
Aesthetic,1632
Kroghsen,1633
Lion,1634
Orome,1635
xMatty,1636
labrov,1637
Luffy,1638
Nailao,1639
Wardain,1640
Lurox,1641
NoWay,1642
Taxer,1643
Venzer,1644
DuaLL,1645
FORG1VEN,1646
Iwandy,1647
Xyraz,1648
Ch1rry,1649
369,1650
A1,1651
Weiwei,1652
Mini,1653
xiaocaobao9,1654
Youdang,1655
Baby6,1656
Wei,1657
DoRun,1658
Garden,1659
Minit,1660
Wudan,1661
Nate,1662
Rockky,1663
InTreso,1664
G4,1665
Lloyd,1666
Rich,1667
Yoshino,1668
Vormund,1669
CHP,1670
Vios,1671
Genza,1672
Jisoo,1673
Zodiac,1674
Hyper,1675
Falkner,1676
Omni,1677
Bui,1678
Zippo,1679
Anderu,1680
Visionary,1681
Minkywhale,1682
Farmer,1683
Corporal,1684
Kweku,1685
Alani,1686
Chungy,1687
Styled,1688
Huey,1689
Unspecialize,1690
Feint,1691
Vacarria,1692
Command Attack,1693
BioPanther,1694
Udysof,1695
Katsurii,1696
Getback,1697
logus,1698
Pope,1699
Pluto,1700
Nausicaa,1701
Halo,1702
Thien,1703
Fudge,1704
Cadence,1705
Frolloc,1706
Topoon,1707
Trance,1708
Fitz,1709
Syu,1710
Troy,1711
Paladin,1712
BINS,1713
Cover,1714
Midas,1715
Motive,1716
Insanity,1717
NintendudeX,1718
Yusui,1719
Blaber,1720
Fanatiik,1721
Nukes,1722
Ragner,1723
Innaxe,1724
Leo,1725
Hani,1726
Qeo,1727
Vit,1728
BeeOne,1729
OPG1,1730
Hari,1731
Milano,1732
Recap,1733
Bonnie,1734
Kiaya,1735
Meliodas,1736
Violet,1737
Awaker,1738
Framer,1739
Candy Man,1740
h1rb,1741
enjoy,1742
Zdz,1743
Mark,1744
XG,1745
Photic,1746
XLong,1747
sixsix9,1748
whynoob,1749
chenlun17,1750
Leyan,1751
Andy,1752
huanfeng,1753
Rikka,1754
AKi,1755
Kay,1756
Mine,1757
yan,1758
Spike,1759
August,1760
Kore,1761
JGY,1762
wumian,1763
hardc0re,1764
Zihan,1765
sqb,1766
Otto,1767
kkk1,1768
HZ,1769
Asi,1770
Ann,1771
AC,1772
Mascot,1773
JOJO,1774
linger,1775
Bafang,1776
Lad,1777
L1zzie,1778
Makabaka,1779
Kui,1780
lmm,1781
XiGua,1782
HwQ,1783
Natural,1784
Kai,1785
piXy,1786
behave,1787
Wysek,1788
Madly,1789
Goliath,1790
Duernte,1791
Kaori,1792
Algos,1793
Bolulu,1794
Eloh,1795
zhuamaoqiu,1796
Ziling,1797
JiXuan,1798
EMit,1799
Rin,1800
sens,1801
Shinie,1802
HanKay,1803
WaenA,1804
1ee,1805
705,1806
lens,1807
Sawyor,1808
Lynx,1809
POMBO,1810
Vampyrus,1811
Hawk,1812
Gyeong,1813
Divkid,1814
KODA,1815
Keysie,1816
Follen,1817
Laxey,1818
Zumk,1819
Clover,1820
Rein,1821
Pr1de,1822
Haninger,1823
Teogen,1824
Arlite,1825
Jester,1826
dreamsu,1827
Mabrey,1828
Junyao,1829
Clever,1830
Asper,1831
M1kuya,1832
Duye,1833
TolanD,1834
Ryan Side,1835
OnFleek,1836
Api,1837
614,1838
Spica,1839
Zhaoyun,1840
Zhuo,1841
Medusa,1842
Value,1843
Fourteen,1844
Eragon,1845
Osas,1846
Ke,1847
Noac,1848
Zuko,1849
Pampy,1850
Cacon,1851
Bambi,1852
L7,1853
Romuka,1854
1Ground,1855
mumus100,1856
Hyoga,1857
bydeki,1858
JoJo,1859
StarofChaos,1860
Ending,1861
Garvey,1862
Tagain,1863
Maguafu,1864
yanguang,1865
Hide,1866
Kino,1867
Wuming,1868
WXZ,1869
Han,1870
Secaf Reis,1871
Coten,1872
River,1873
Gyu,1874
Ye,1875
yuWWuu,1876
Jiumeng,1877
Punk,1878
Rohee,1879
KL,1880
Error,1881
Razork,1882
Kashtelan,1883
Agresivoo,1884
Roison,1885
defles,1886
Erdote,1887
Kaiser,1888
Kackos,1889
Ryuzaki,1890
Marrow Ooze,1891
Lucker,1892
TasteLess,1893
Brosak,1894
Bloody,1895
Saken,1896
Treatz,1897
Eren,1898
Inspired,1899
Lem0n,1900
Kabupun,1901
Arumik,1902
Cream,1903
Asato,1904
Masyo,1905
Lago,1906
Arora,1907
Raina,1908
Sephis,1909
Nano,1910
Shlatan,1911
Energy,1912
Bruno,1913
Von,1914
Nemky,1915
LIMIT,1916
Delitto,1917
Dom1nant,1918
Bananitoo,1919
Eckas,1920
zty,1921
Uloper,1922
Random,1923
Kamilius,1924
Demon12,1925
DrMatt,1926
Bullet,1927
Brizz,1928
Alois,1929
Poeza,1930
Chapapi,1931
Goose,1932
Dommy,1933
Darlik,1934
Shad0w,1935
Ventair,1936
Broeki,1937
Pandar,1938
Koldo,1939
Xaky,1940
Sloth,1941
Khantos,1942
Relic,1943
SolidSnake,1944
Cotopaco,1945
Renyu,1946
Arce,1947
Twice,1948
Aihgn,1949
Escanor,1950
Tofu,1951
bByYoO,1952
Kaiz,1953
H3,1954
Aomine,1955
Artemis,1956
Moo,1957
Life,1958
Kabbie,1959
Canyon,1960
Lima,1961
Mni,1962
CheonGo,1963
Kellin,1964
Eagle,1965
Atlen,1966
Kuroko,1967
Darrys,1968
Yin,1969
Diamond,1970
Tactical,1971
FakeGod,1972
Fragas,1973
Soligo,1974
Prismal,1975
Call Lin,1976
Asta,1977
Duoking,1978
Rodov,1979
Magerdanger,1980
BalKhan,1981
Leaky,1982
WSY,1983
DDC,1984
YuLun,1985
Dia1,1986
uinyan,1987
scottlyk,1988
Aria,1989
Grendel,1990
StarScreen,1991
Roulette,1992
Kofte,1993
EliWood,1994
Zwyroo,1995
Auspex,1996
Husky Rider,1997
Giyuu,1998
Froststrike,1999
Zelt,2000
Shadow,2001
Choisix,2002
Akunma,2003
Josedeodo,2004
Aloned,2005
Zeypher,2006
Gralou,2007
Straight,2008
Itsi,2009
ShinobiOwl,2010
Minibestia,2011
Zeicro,2012
Nipphu,2013
TopLop,2014
Manu,2015
Shmebu,2016
Buggax,2017
Warangelus,2018
Acce,2019
Grell,2020
Leza,2021
Nobody,2022
Baula,2023
Proud,2024
Leozuxo,2025
Carrot,2026
Practice,2027
kumru,2028
Bafu,2029
Sparz,2030
stillnumb,2031
FatihCan,2032
Cuce,2033
Blue,2034
Syron,2035
Jopex,2036
Soren,2037
Xeanfun,2038
T1SO,2039
Ray Lefty,2040
WayOfWade,2041
Invoker,2042
Saenrex,2043
Stalker,2044
Lurid,2045
Kireas,2046
Avenger,2047
Near,2048
Erasus,2049
Fear,2050
Trigo,2051
Devourer,2052
Sylchasie,2053
Hinn,2054
Reaver,2055
5kid,2056
IDK,2057
Cookie,2058
MnM,2059
Robin,2060
Shakuras,2061
Kituruken,2062
Pogue,2063
Krab,2064
Croco,2065
Mareritt,2066
Karas,2067
Heokong,2068
autumn,2069
Rebel,2070
Bruce,2071
Xiaoemo,2072
Arise,2073
Kales,2074
madlifeonur,2075
The Vigilante,2076
Malice,2077
Yuhi,2078
DCStar,2079
Limitationss,2080
Codpiece,2081
unmanagable,2082
Bolthorn,2083
Morgen,2084
Creation,2085
Bully,2086
ARDA,2087
Vethorm,2088
Zeph,2089
sidnik,2090
TR1GGERED,2091
Merao,2092
VioletFairy,2093
Trianna,2094
Ankote,2095
Four,2096
Skywaf,2097
Guigo,2098
PPung,2099
Theos,2100
Sugarfree,2101
Senan,2102
xiao7,2103
Mingren,2104
Savior,2105
ppgod,2106
View,2107
Lilac,2108
Shark,2109
Cruel,2110
Beige,2111
Yimeng,2112
bless,2113
shanji,2114
Yolanda,2115
WeiYan,2116
725,2117
Hang,2118
ytt,2119
Bright,2120
Jzr,2121
Forge,2122
Reheal,2123
Kiy1n9,2124
justsoso,2125
Wuyou,2126
CJJ,2127
XLB,2128
Zhuang,2129
rat,2130
JDM,2131
hedy,2132
Till,2133
dzs,2134
Clap,2135
925,2136
Morgan,2137
A02,2138
Xiamu,2139
Noble,2140
Dustwind,2141
xiaosheng,2142
Jerry,2143
Lucas,2144
Lff,2145
Aliez,2146
Yuekai,2147
s1aytrue,2148
Seize,2149
Juiz,2150
Vortex,2151
Maggie,2152
Intgration,2153
Vata,2154
MaRco,2155
XMJ,2156
Xzz,2157
Thane Krios,2158
Djarva,2159
Lunyo,2160
Petrichor,2161
Abou222,2162
Bun,2163
Enso,2164
Kati,2165
TS,2166
Insulator,2167
Unforgiven,2168
Bluff,2169
Whitehorse,2170
Hauz,2171
Don Hell,2172
Eric,2173
September,2174
typhoon,2175
guxi,2176
Pudding,2177
Wizer,2178
Xiaochao,2179
M03,2180
Yusa,2181
Quinncidence,2182
goldento4st,2183
Cl0x,2184
Obsess,2185
LIDER,2186
StenBosse,2187
Yameru,2188
Azitor,2189
Selfway,2190
Keduii,2191
Doss,2192
Tiara,2193
Dexui,2194
LUBEEENZZZ,2195
Spooky,2196
Lmzs,2197
Vzz,2198
Turanaga,2199
Don Arts,2200
Prime,2201
AGENTAS,2202
Yashiro,2203
Wondro,2204
Charca,2205
Vasked,2206
Acidy,2207
Librid,2208
Cospect,2209
Own3r,2210
Afm,2211
ProxeYY,2212
Cult,2213
Clever9,2214
Cherub,2215
Sharp,2216
Beichen,2217
zs,2218
Strive,2219
HoangTuGT,2220
Y1,2221
Biob,2222
Glory,2223
Palens,2224
Berserker,2225
Lived,2226
Mboma,2227
Artek,2228
JLKC,2229
Mog,2230
Buggy,2231
Beats,2232
Zenk,2233
PADO,2234
Redempts,2235
Kevy,2236
Miazma,2237
Isles,2238
Higoodbye,2239
Spoil,2240
Nightfaller,2241
SAND,2242
GuaPi,2243
Whynot,2244
Hotchelli,2245
retribution,2246
Emelg,2247
ianno,2248
PoP,2249
Yueni,2250
Lazy,2251
Dragku,2252
Minhcam,2253
Jukes,2254
Jiejie,2255
Plex,2256
Destroy,2257
BarOh,2258
Hena,2259
Kimchiii,2260
HaeSeong,2261
Trigger,2262
Ganknam,2263
deokdam,2264
Mir,2265
Juuzou,2266
Black,2267
xKenzuke,2268
Xypherz,2269
Kanavi,2270
klowny,2271
Bendix,2272
AKEN,2273
magmag,2274
Pulse,2275
Coldraa,2276
Toro,2277
Asteroid,2278
Rhioni,2279
Dailen,2280
Ferret,2281
Chibi,2282
Uzibo,2283
Smith Morra,2284
Serin,2285
Starter,2286
Dirty,2287
flare,2288
Deoxys,2289
Kaiba,2290
Piloto,2291
walZa,2292
Juliera,2293
Blindturkey,2294
Pica Boo,2295
Abanke,2296
Wasteee,2297
Vins,2298
DonShu,2299
RayFarky,2300
Disave,2301
Flora,2302
Ylj,2303
DaiDai,2304
LuMang,2305
Mingjing,2306
coffee,2307
lxz,2308
Wayward,2309
Jingtian,2310
Chase,2311
lovely,2312
SIKINTI321,2313
Faith,2314
LAXER,2315
Lykia,2316
Jackairay,2317
Juhan,2318
Yanfeng,2319
owo,2320
Hasmed,2321
Hieu3,2322
TH,2323
Arfyss,2324
Kahom,2325
Decade,2326
Pancake,2327
1024,2328
Sakura,2329
JIE,2330
Zqzq,2331
JQJ,2332
BoWen,2333
Zeldris,2334
Jiin,2335
Buero,2336
Maintenance,2337
MarioMe,2338
Mental,2339
Witty,2340
Wayy,2341
Lansen,2342
Coyote,2343
Revenge,2344
demon,2345
Johnsun,2346
Naruto,2347
tanghulu,2348
Glow,2349
Crecre,2350
SpeaR,2351
Curtis,2352
LeonBlade,2353
Eldiv,2354
Vrow,2355
Doran,2356
But1,2357
Khomzar,2358
Bearcute,2359
XoNix,2360
Valhalla,2361
BardBerry,2362
HellMa,2363
PewPewSolari,2364
RIVA,2365
Run,2366
Thunder,2367
lelebbi,2368
Lele,2369
Moshi,2370
Conquer,2371
Tulz,2372
KouZZe,2373
Yunika,2374
kun,2375
Hidan,2376
pr1me,2377
Envy Carry,2378
y1hua,2379
Pun,2380
Novice,2381
Bush,2382
Future,2383
HuSha,2384
yanzu1,2385
Success,2386
Fartte,2387
Hao,2388
Stray,2389
7WO,2390
Such,2391
Yoshi,2392
Mink,2393
qianxun,2394
Cheats,2395
Hehuo,2396
jingke,2397
Summer,2398
GuHao44,2399
Exboy,2400
Darkrai,2401
Colamax,2402
Goshuujinn,2403
Szygenda,2404
Kryze,2405
Darkness,2406
Namex,2407
Shemek,2408
Trayton,2409
chopsteek,2410
Th3Antonio,2411
Raxhy,2412
RoyalKanin,2413
PiOk,2414
Bando,2415
Nji,2416
Ronaldo,2417
Nite,2418
Jaunatis,2419
D0MAS,2420
Bushy,2421
DahVys,2422
FALL1N42,2423
Meight,2424
Plox,2425
IceBox,2426
koughi,2427
cody,2428
KreshtDoo,2429
Feitan,2430
Sander,2431
Julaxe,2432
Hobbler,2433
Chomi,2434
Suppa,2435
PHT,2436
KemKen,2437
Gaksital,2438
Style,2439
DK,2440
Doil,2441
Khalis,2442
DantaliaN,2443
Quad,2444
BAO,2445
Pleata,2446
Lapis,2447
Garou,2448
Slugger,2449
Flare,2450
Execute,2451
Gangboong,2452
Meaning,2453
Rex,2454
Pyosik,2455
Chasy,2456
Canna,2457
Evolved,2458
Gorica,2459
Breezyyy,2460
Tutsz,2461
EMENES,2462
Puma,2463
Croc,2464
KoreaCK,2465
Bas,2466
5fire,2467
Vital,2468
Sevi9,2469
Rhemio,2470
Boncuk,2471
Coated,2472
st1ng,2473
Oguzkhan,2474
Maximillion,2475
tade,2476
Lenom,2477
RedHand,2478
Midkid,2479
S10er,2480
Chain,2481
Rate,2482
Scold,2483
Eradan,2484
Snowlz,2485
Inoue,2486
Hypnos,2487
Lot,2488
Jeyrus,2489
Oncan,2490
113,2491
Machine,2492
Fastlegged,2493
Keine,2494
Hinu,2495
Roi,2496
Secondate,2497
Archer,2498
Honey,2499
Rumor,2500
Scary,2501
Zerito,2502
Jauny,2503
MadBlade,2504
Aquasonic,2505
Monsieur,2506
Focus,2507
Direnc,2508
Shawi Katami,2509
PinkPoon,2510
Copy Catt,2511
MightyDragon,2512
Shellkunchik,2513
NNS 1,2514
Griffon,2515
Shu Hari,2516
Yammycj,2517
Dellal,2518
Woody,2519
Azhi,2520
Minji,2521
K2,2522
Chilly,2523
Shinsekai,2524
Mexi,2525
Kurd,2526
DoeDoii,2527
Exosen,2528
Hamezz,2529
JimieN,2530
Wing,2531
MixcrosS,2532
Tyrin,2533
Scuro,2534
Gavotto,2535
Kabuu,2536
Pocky,2537
Panj,2538
Lonely,2539
Typhoon,2540
BBjorn,2541
Carve,2542
Froggy,2543
Maoan,2544
TrAshley,2545
Kz,2546
Stepz,2547
As6,2548
Zeka,2549
Xiaoxiang,2550
JunJia,2551
Camanagozo,2552
Parus,2553
Powder,2554
Astra,2555
JamesPeke,2556
Lauva,2557
Do1u1u,2558
Kaigu,2559
Fallen Angel,2560
Hoya,2561
Ellim,2562
BetaTwinz,2563
Keorb,2564
Rabble,2565
Lunddorf,2566
Hidon,2567
Poulsen,2568
DenVoksne,2569
BeBopBulli,2570
Nightmares,2571
Flakked,2572
Lylajn,2573
Proker,2574
Pitress,2575
Gagai,2576
Forsaken,2577
Godux,2578
Twiizt,2579
mag1cian,2580
Klydex,2581
bAZZILISKS,2582
IceBreaker,2583
HungryPanda,2584
Phoenix,2585
dibu,2586
Dany,2587
Rufus,2588
SpeeDy,2589
Psclly,2590
Ploxy,2591
Cohle,2592
Rharesh,2593
S1d,2594
Blizz,2595
Worst,2596
Smacl3r,2597
Rimtuolis,2598
SpieleAufDeutsch,2599
Homeless,2600
Phenomenal,2601
Aegis,2602
Grevthar,2603
Xiaoxu,2604
Cyl,2605
xunyu,2606
Yueyue,2607
Lpc,2608
XiaoXuan,2609
xing,2610
xiaohuangren,2611
Hanlan,2612
fadeaway,2613
suny1ng,2614
MoonX,2615
XUN,2616
ugly,2617
Pidgey,2618
XiaoYang,2619
Samd,2620
xiaohao,2621
Xuanri,2622
Par,2623
Ahn,2624
YourRiver,2625
Shanks,2626
Simple,2627
0909,2628
elves,2629
seaking9,2630
Picachu,2631
Driver,2632
yekai,2633
today,2634
Dawn,2635
Ohb,2636
Aphasiac,2637
Gabi,2638
X1LAN,2639
Xhy,2640
forse,2641
Elyoya,2642
Sertuss,2643
Skude,2644
vayu,2645
whiteinn,2646
Bravado,2647
Vetheo,2648
YellOwStaR,2649
Czekolad,2650
jkw,2651
toucouille,2652
Gabbo,2653
Phantomles,2654
57,2655
Lover11,2656
Aithusa,2657
ZYF,2658
FlayStation,2659
scamber,2660
Kiari,2661
Blacky,2662
enel1,2663
Beenie,2664
Reversed,2665
Hanor,2666
Titeito,2667
Ayato,2668
ravenzin,2669
Visk,2670
Kly0n,2671
KimJun,2672
Shinki,2673
Landon,2674
Wash,2675
Frosts,2676
Dottie,2677
Clovus,2678
Azus,2679
Zande,2680
twist,2681
MAXIMIZE,2682
Vengeance,2683
Exeden,2684
Fruitcake,2685
Last,2686
PREP,2687
Shine,2688
Mask,2689
Oscar,2690
Kanade,2691
Piglet101,2692
EGO,2693
Xanquish,2694
Winterer,2695
sa11y,2696
Novachrono,2697
Skewer,2698
24,2699
Beplush810,2700
Bankai,2701
Neramin,2702
Julbu,2703
Eberkazak,2704
Greyone,2705
Azuzabi,2706
Osman123,2707
Kemba,2708
KTSR,2709
Tumay,2710
Luka,2711
Andariel,2712
BSilence,2713
NuQ,2714
Rames,2715
Nako,2716
Carry,2717
Wood,2718
xiaohai,2719
Assum,2720
Ship,2721
Zyumi,2722
yaoyang,2723
Yifan,2724
Famingjia,2725
Nameless,2726
like17,2727
UNSHACKLED,2728
LuXun,2729
Myths,2730
Am2,2731
qingcheng,2732
bohe,2733
Cygood,2734
Howl,2735
Virtue,2736
Tomo,2737
Poome,2738
Winston,2739
Yama,2740
Chime,2741
Invincible,2742
Youxin,2743
Shenyi,2744
Nyxyvel,2745
Natsume,2746
Lixiao,2747
Eugeo,2748
Pink,2749
Nagi,2750
Kepler,2751
Bo,2752
Dodoup,2753
Bunny,2754
ZZL,2755
1dt,2756
Stay,2757
Gaze,2758
Yanxiang,2759
Crime,2760
Imperius,2761
DuDu,2762
CaD,2763
Citrus,2764
Wayne,2765
Yusin,2766
Lia,2767
Bini,2768
Harp,2769
Vin,2770
Lisa,2771
WeiLun,2772
Yursan,2773
Mireu,2774
Coldenfeet,2775
Laofei,2776
Kusuo,2777
Kartis,2778
Kanji,2779
Mytant,2780
Laynel,2781
Argonavt,2782
Dragonminkim,2783
Tyr,2784
naiyou,2785
HinGooby,2786
Meshade,2787
Tardis,2788
Draktharr,2789
Mori,2790
Kiefer,2791
Zhang,2792
LooPz,2793
sinsa,2794
Asci,2795
poet,2796
CrawL,2797
Berke Baris,2798
BoxeR,2799
Drop,2800
selfdestruct,2801
Urban,2802
Aryze,2803
Meleks,2804
Pillo,2805
Simon,2806
XJM,2807
Yanmo,2808
CJ,2809
Nagoya,2810
GDX,2811
Vivaldi,2812
Forzent,2813
Yoshiko,2814
frigid,2815
Anduril,2816
Kunduz,2817
Kenvi,2818
Rhino,2819
Quake,2820
Saw,2821
helo,2822
Vergil,2823
Harumi,2824
Jump7,2825
Witless,2826
Clozer,2827
Wuyazi,2828
Awaremei,2829
YeongJae,2830
Jad,2831
Kwashi,2832
zzw,2833
ProDelta,2834
Yupps,2835
Accez,2836
Bounty,2837
Clint,2838
Rivenge,2839
Jiawei,2840
ArrHedge,2841
Akuma,2842
N N,2843
initial,2844
Dethron,2845
F4rg,2846
Travanques,2847
Noma,2848
Gotzy,2849
Calmsky,2850
Exakick,2851
Oscarinin,2852
Nasser,2853
FeeNiixZ,2854
Supa,2855
Aesenar,2856
Sinmivak,2857
Bruness,2858
Czajek,2859
Pyrka,2860
Onyoz,2861
Fokkus,2862
tibor,2863
Lakinther,2864
Pattarek,2865
Looca,2866
Raqo,2867
Orre,2868
Deidara,2869
Fresskowy,2870
darkchri,2871
Ordno,2872
Bako,2873
LeBron,2874
Kyouma,2875
Hiro,2876
Heroic,2877
Adiss,2878
NooB,2879
xqw,2880
xunhuan,2881
Jezu,2882
Mersa,2883
Trymbi,2884
knighter,2885
Guubi,2886
KeABambi,2887
Findus,2888
Taz,2889
Saitam,2890
Ioni,2891
Aristochrate,2892
Shamber,2893
NoXe,2894
Kawamel,2895
Mirai,2896
Tobio Rapido,2897
Valyrian,2898
Dragflick,2899
Slyv3r,2900
Drawleks,2901
Robba,2902
Mussiah,2903
DreAmZyY,2904
Lifeless,2905
Flubbertje,2906
Tuomari,2907
kpd,2908
Seem,2909
Lunar,2910
Gaax,2911
Maikokoro,2912
Boohon,2913
BunnyShelby,2914
Phoenixx,2915
RaiZeR,2916
Flawed,2917
sumi,2918
Rechter,2919
Vanhoof,2920
Goksi,2921
Mikkel,2922
Bardo,2923
Vinnie,2924
CutieKatie,2925
Henk,2926
Yoni,2927
Puppe,2928
Duimelot,2929
Shinbu,2930
Ascalon,2931
Shizouh,2932
nappon,2933
Matsu,2934
NikolaSenpai,2935
Ziriguidun,2936
LynX,2937
PRB,2938
Juzinho,2939
NiT,2940
Milo,2941
Jojo,2942
Takeshi,2943
Cariok,2944
Esa,2945
YoDa SL,2946
4lan,2947
SkywaF,2948
Furyz,2949
Xabula,2950
Titan,2951
PbO,2952
nano,2953
Hanabii,2954
wyLL,2955
HAUZ,2956
Bydeki,2957
LEP,2958
LUSKKA,2959
Lynkez,2960
Vert,2961
Carioca,2962
Hy0g4,2963
WHITELOTUS,2964
LYNX,2965
HauZ,2966
Krastymel,2967
Whitelotus,2968
ryuzaki,2969
Glowcore,2970
Riva,2971
Patrick,2972
Sting,2973
tyrin,2974
accez,2975
DaramG,2976
SSUN,2977
Hybrid,2978
Lucifer,2979
Twinkle,2980
RaInbow,2981
Gankster,2982
HyBrid,2983
Oddugi,2984
Dalka,2985
LuBu,2986
SSol,2987
X,2988
Fate,2989
joker,2990
Latina,2991
Revenger,2992
er5su,2993
OkiD,2994
erssu,2995
CRoCO,2996
Tempo,2997
wind,2998
iffy,2999
Whltehorse,3000
JackPot,3001
Baroh,3002
5Kid,3003
Feiz,3004
Salix,3005
jiin,3006
Haeseong,3007
GankNam,3008
Jaguar,3009
MooJin,3010
Dreampull,3011
Nergard,3012
Tristesse,3013
Cortez,3014
I am John,3015
InspiredBSD,3016
Kasqu,3017
bsy bmj,3018
Kromanz,3019
darrow,3020
s3Turel,3021
Arnax,3022
aMiracle,3023
YoZya,3024
Qss,3025
Dr Ivan,3026
Quazar,3027
atiniF,3028
Fomko123,3029
Minilash,3030
Reaper,3031
JoskaRita,3032
DNN9,3033
KOODA,3034
PekiDo,3035
unho1y,3036
Call me Mage,3037
Lusty,3038
Drakowka N1L,3039
Darrow,3040
Dreamsu,3041
Noragami,3042
FearlessHero,3043
Weka,3044
Cheelm,3045
Reality,3046
Mke,3047
dommy,3048
Baba,3049
Jkalam,3050
Boomin,3051
Albetrayber,3052
Furuy,3053
Sebs,3054
dONNIE,3055
Mytheos,3056
RedNosePanda,3057
Silas,3058
Aldwar,3059
Atrocez,3060
Gijsje,3061
Hachi,3062
Pieter05,3063
Kubu,3064
FatShield,3065
Lian,3066
DodgingDummy,3067
Evil,3068
Stxrm,3069
Hadess,3070
Yeetified,3071
Joekie,3072
leaky,3073
Biven,3074
Advt,3075
OneShot,3076
eye,3077
CoolCool,3078
Lollipop,3079
Cola,3080
PingPong,3081
CaiPi,3082
ART,3083
Omen,3084
PaSa,3085
RaidenF,3086
1bYAYA,3087
KeLian,3088
DeathClaw,3089
Rip7995,3090
Thx9527,3091
JF,3092
Kuna,3093
Vvn,3094
SeaLion,3095
Corgi,3096
Sai,3097
Sashimi,3098
Nalan,3099
Abao,3100
SKL,3101
Rainday,3102
seven six,3103
WJie,3104
Pinker,3105
DreamSha,3106
II MiANe,3107
II FuFu,3108
Husha,3109
SeNBon,3110
Silly,3111
Daper,3112
Fcola,3113
Yinyu,3114
SiuK,3115
CyberRed,3116
Bengo,3117
Rendi,3118
NekoL,3119
Fanshu,3120
CDD,3121
Deer,3122
Elric,3123
Doge,3124
Ko1eee,3125
Kelian,3126
Lacunae,3127
Danie1,3128
PpengYbo1,3129
Eleven,3130
LamZz,3131
Ricooo,3132
as666,3133
bush,3134
KennyChan,3135
Cha,3136
JiaoFu,3137
draw,3138
Daddy,3139
Fighter,3140
Doggo,3141
Rea,3142
Winnie,3143
Hfhy,3144
RB,3145
Husky,3146
LeMoN,3147
GaryKi,3148
Denyk,3149
Beansu,3150
NilleNalley,3151
Paris Guccis,3152
ParisGRE,3153
Conjo,3154
Gistick,3155
XDSMILEYs6T,3156
Rift,3157
Bendy,3158
bIuerzor,3159
PrettyGRE,3160
FALCO,3161
goIdento4st,3162
LlDER,3163
Kenapil,3164
Darkrai1,3165
Tasteless,3166
Labrov,3167
Chopsteek,3168
Hjarnaan,3169
Pun1sher,3170
S1D,3171
Fr0zen,3172
Tynx,3173
Agentas,3174
GotzY,3175
Pl0x,3176
Darkchri,3177
No0B,3178
Seonghwan,3179
Grace,3180
U Jun,3181
Bono,3182
Aries,3183
Yondu,3184
Mong,3185
Brook,3186
key,3187
KeY,3188
sangyoon,3189
Irove,3190
CAD,3191
Yeongjae,3192
PVPStejos,3193
skash,3194
Lekcycc,3195
Riddem,3196
EKKA,3197
pooh,3198
Gumbo,3199
ekka,3200
Santas,3201
ltsCortez,3202
EkkA,3203
anechek,3204
JestkuiMax,3205
Shlyapojor,3206
Gimliques,3207
MyKey,3208
Dreampullka,3209
Kirrrra,3210
CblpHuK,3211
LirA,3212
Febiven,3213
WILDTURTLE,3214
Darshan,3215
BIG,3216
Bobqin,3217
FallnBandit,3218
deftly,3219
Wadid,3220
RYU,3221
Ngo,3222
Shiro,3223
OddOrange,3224
Eclipse,3225
PieCakeLord,3226
ShrimP,3227
LIRA,3228
Zig,3229
Hans Sama,3230
Smittyj,3231
Sheriff,3232
Promisq,3233
Minitroupax,3234
Exileh,3235
Norskeren,3236
SirNukesAlot,3237
Gorilla,3238
Kasing,3239
nukeduck,3240
mithy,3241
VandeR,3242
PERKZ,3243
YutoriMoyasi,3244
Atyamomo,3245
alleycat,3246
WyverN,3247
Taki,3248
cogcog,3249
apaMen,3250
Baby,3251
KRESHTDOO,3252
QQ,3253
Fengx,3254
Deul,3255
Ninuo,3256
LBB,3257
Moonblack,3258
SwordArT,3259
Xiaobo,3260
Nuance,3261
Argonaut,3262
Alba,3263
Karoq,3264
MetroArcher,3265
Kamyta,3266
Renas,3267
Bakako,3268
RapMonsters,3269
Pyton,3270
QueresYogurt,3271
HaZZ,3272
Sintax,3273
Korts,3274
CapsChan,3275
Frozenn,3276
Worstt,3277
Flash,3278
TIME,3279
BLIZZ,3280
Scutt,3281
mgs,3282
Truuklax,3283
Xakyy,3284
Afmm,3285
Sl4shD,3286
Maat,3287
Galaxy,3288
Yamato,3289
Feedarias,3290
Migamos,3291
Rivayne,3292
Linkz,3293
Dragoon,3294
Cotonette,3295
TiagoNicolau,3296
Ikuhro,3297
St4nk,3298
Ser Humano,3299
Kirian,3300
Nitinho,3301
Broken,3302
Furyy,3303
Mooboo,3304
Remon,3305
Luminum,3306
leeSA,3307
iSupervise,3308
DanDayn,3309
Sombre,3310
LustMonkey,3311
Little Kop,3312
rain,3313
Y x,3314
bluz0r,3315
Nelis,3316
Kyubey,3317
Johnson,3318
Elecsplash,3319
FIick,3320
Boss,3321
em rata,3322
Soulstrikes,3323
Draxx,3324
Dreadlord,3325
Beaunivia,3326
Jawn Riggy,3327
Rumble,3328
YungCat,3329
HaiT,3330
Ever,3331
Vibes,3332
gunkrab,3333
biwaC,3334
Kayo,3335
Chenxuan,3336
Jopan,3337
Bose,3338
relics,3339
Oza64,3340
Relics,3341
amitle,3342
Babushka,3343
PVA,3344
ScREAM,3345
Kingsley,3346
CatPaws,3347
k1ng,3348
FivetoEight,3349
Gluppy,3350
ry0ma,3351
ZZZ,3352
Dream,3353
UDYSOF,3354
Miru,3355
N0body,3356
styled,3357
Doedoii,3358
Mission,3359
MixCrosS,3360
Catjug,3361
Assassin,3362
Aki,3363
Skar,3364
Khema,3365
Apples,3366
Taba,3367
Simpy,3368
GentlmanHero,3369
Yung,3370
Crocomux,3371
Creon,3372
Shawn,3373
Acefos,3374
Kamil,3375
Counter,3376
MjrDee,3377
Vigil,3378
Dakchri99,3379
Cribob,3380
darkchri99,3381
Oblivion,3382
Diagu,3383
Guilty,3384
Saddy,3385
unfail,3386
Shiziy,3387
Ciglio,3388
Blackino,3389
Jenxas,3390
David,3391
Mistil,3392
FoX,3393
PesE,3394
Gue,3395
Vaniiali,3396
Eneino,3397
Horizon,3398
PatkicaA,3399
LOTUS,3400
AKI,3401
Occlumats,3402
Gine,3403
Cohle7,3404
Unbannedx,3405
Ponz,3406
Nomi,3407
SHREDDER,3408
Knighter,3409
Ceasarna,3410
Kazuki,3411
OMON,3412
Baffetto,3413
Ryujin,3414
DeSidere,3415
telracS,3416
Snitch,3417
koearn kid,3418
olia,3419
Cyeol,3420
Psychoferret,3421
xeanfun,3422
mean,3423
Copy C,3424
roulette,3425
steve murphy,3426
Stolker,3427
Koearn kid,3428
Onur,3429
UNMANAGABLE,3430
Neji,3431
Minor,3432
Aken,3433
chibi,3434
D1RTY,3435
ToIerant,3436
Josemi,3437
s10er,3438
Lepin,3439
Tade,3440
yammycj,3441
Habubu,3442
PARUS,3443
Nyx,3444
TARDIS,3445
RonOP,3446
BigKoro,3447
Taurus,3448
Kidz,3449
KrissKyle,3450
Zeroday,3451
Xuhao,3452
PetLand,3453
Manis,3454
Beo,3455
Upin,3456
Beeone,3457
lkaros,3458
CIearG,3459
Ynot,3460
Bara,3461
Shaorann,3462
MeoCon,3463
Div Kid,3464
 Blazes,3465
YT,3466
Pot,3467
Syaa,3468
Papaya,3469
Sunsieu,3470
PuppyK,3471
Mias,3472
Genya,3473
Raizo,3474
DivKid,3475
Yijin,3476
Kaido,3477
BioB,3478
Django,3479
Dk,3480
Easylove,3481
VIT,3482
Céos,3483
TinOwns,3484
Tinowns,3485
Mumus100,3486
Tockers,3487
DyNquedo,3488
Dynquedo,3489
EsA,3490
BrTT,3491
Pbo,3492
Dancheong,3493
DanChung,3494
Pawn,3495
Tusin,3496
Cuvee,3497
Rift Herald,3498
itsCortez,3499
itsCORTEZ,3500
Aphromoo,3501
Huhi,3502
BrokenBlade,3503
Cepted,3504
April,3505
Moonlight,3506
Roysen,3507
xin,3508
ShaDow,3509
CH1rry,3510
Enjoy,3511
keke,3512
Assqssin,3513
bin,3514
Carl,3515
CHange,3516
Xiaohan,3517
yimeng,3518
Xiao7,3519
xiaoliulian,3520
XXD,3521
XPZ,3522
xiaolongbao,3523
spunk,3524
Xmq,3525
Steel,3526
Aitong,3527
XC,3528
Lwandy,3529
Ytt,3530
Pang,3531
xinnu,3532
YanXuan,3533
Irma,3534
Yoghurt,3535
WEI,3536
Wuy,3537
shark,3538
Amaj,3539
sleepy,3540
Yuyanjia,3541
TheFan,3542
nanzhu,3543
up,3544
Aris,3545
XiaoBai,3546
Godlou,3547
lxlyc,3548
JiuMeng,3549
Like,3550
noble,3551
beige,3552
Y1TT,3553
Machao,3554
JZ,3555
lwandy,3556
Chen9,3557
ice,3558
Panfeng,3559
Jz,3560
Plume,3561
Minn9,3562
ch1rry,3563
fate,3564
Yi,3565
UP,3566
Leuumon,3567
Oni,3568
captain,3569
Virus,3570
Kabu,3571
ALU,3572
catch,3573
Gentle,3574
Sixsix9,3575
SamD,3576
ylj,3577
idt,3578
Cody,3579
RooKie,3580
XiaoAL,3581
doinb,3582
YaGao,3583
Xiye,3584
Pepper,3585
lwx,3586
Imp,3587
Sks,3588
Loken,3589
Icon,3590
Chelly,3591
Gimgoon,3592
Caveman,3593
Celestial,3594
Five,3595
PiPiXuAn,3596
Xinyi,3597
XuanXuanPi,3598
corn,3599
Metoer,3600
SouthWind,3601
Xuzhu,3602
Ale,3603
HuaTian,3604
Mala,3605
Gala,3606
Knight9,3607
Y4,3608
JieJie,3609
Xiaowei,3610
Huanfeng,3611
smlz,3612
xiaoxiang,3613
IBoy,3614
Jinjao,3615
Weiyan,3616
wei,3617
Beishang,3618
ZWuji,3619
Sofm,3620
Chenlun17,3621
Swordart,3622
Davidao,3623
Burnie,3624
Reat1vo,3625
Valkyrie,3626
KenRuto,3627
REA1,3628
Supershoto,3629
Mart,3630
Lostboy,3631
Crossman,3632
Fabfabulous,3633
BlazeS,3634
Kriss Kyle,3635
potm,3636
ClearG,3637
